id,first_name,last_name,email,gender
1,Terri,MacCague,tmaccague0@issuu.com,Female
2,Anatola,Cowdry,acowdry1@wikipedia.org,Genderqueer
3,Amity,Yu,ayu2@yahoo.co.jp,Agender
4,Deb,Gunbie,dgunbie3@lycos.com,Polygender
5,Obadias,Sutterby,osutterby4@seesaa.net,Bigender
6,Piggy,Suarez,psuarez5@economist.com,Agender
7,Harald,Anstead,hanstead6@msn.com,Polygender
8,Alley,Husby,ahusby7@timesonline.co.uk,Agender
9,Cass,Cassley,ccassley8@oaic.gov.au,Non-binary
10,Robby,Worsfield,rworsfield9@seattletimes.com,Genderfluid
11,Lorry,Chappelow,lchappelowa@businesswire.com,Agender
12,Becka,Huyghe,bhuygheb@myspace.com,Non-binary
13,Anallese,Wadelin,awadelinc@smh.com.au,Non-binary
14,Nelia,Wavell,nwavelld@people.com.cn,Genderfluid
15,Odella,McSparran,omcsparrane@marriott.com,Genderfluid
16,Windy,Dulany,wdulanyf@hugedomains.com,Bigender
17,Gipsy,Sollom,gsollomg@va.gov,Genderfluid
18,Haskell,Potteril,hpotterilh@jimdo.com,Female
19,Austin,Dhennin,adhennini@admin.ch,Female
20,Eyde,Noye,enoyej@adobe.com,Genderfluid
21,Maria,Sentinella,msentinellak@foxnews.com,Male
22,Brandyn,Giorgetti,bgiorgettil@tinypic.com,Polygender
23,Salome,Jesson,sjessonm@360.cn,Male
24,Doretta,Hauck,dhauckn@a8.net,Non-binary
25,Anthea,Olivetta,aolivettao@cargocollective.com,Male
26,Lorry,McOmish,lmcomishp@mozilla.org,Agender
27,Danya,Spaduzza,dspaduzzaq@gizmodo.com,Polygender
28,Siegfried,Hussell,shussellr@eepurl.com,Female
29,Dennie,Sposito,dspositos@nsw.gov.au,Female
30,Carlynn,Agutter,caguttert@loc.gov,Bigender
31,Ozzie,Gurden,ogurdenu@github.io,Polygender
32,Reinaldo,Gansbuhler,rgansbuhlerv@canalblog.com,Agender
33,Hannie,Soots,hsootsw@ucoz.com,Bigender
34,Horacio,Mallindine,hmallindinex@google.com.au,Genderqueer
35,Lonnard,Hinrich,lhinrichy@jugem.jp,Genderqueer
36,Gregorio,Ellif,gellifz@npr.org,Female
37,Reidar,Mathwen,rmathwen10@zimbio.com,Bigender
38,Temp,Duhig,tduhig11@com.com,Male
39,Tremayne,Dallin,tdallin12@rediff.com,Female
40,Bobinette,McCurdy,bmccurdy13@bbc.co.uk,Non-binary
41,Camellia,Farnorth,cfarnorth14@deliciousdays.com,Non-binary
42,Oliy,Jedrych,ojedrych15@adobe.com,Female
43,Barby,O'Hara,bohara16@spotify.com,Genderqueer
44,Pacorro,Lansdown,plansdown17@so-net.ne.jp,Male
45,Lucky,Semarke,lsemarke18@ebay.com,Non-binary
46,Trescha,Smillie,tsmillie19@about.com,Female
47,Ulrich,Carmont,ucarmont1a@zdnet.com,Polygender
48,Prudi,Rothwell,prothwell1b@plala.or.jp,Polygender
49,Pietrek,Errigo,perrigo1c@va.gov,Male
50,Jaquenette,Swatridge,jswatridge1d@auda.org.au,Female
51,Larine,Barrable,lbarrable1e@epa.gov,Male
52,Ellis,Johnston,ejohnston1f@symantec.com,Genderfluid
53,Ofelia,Malcolmson,omalcolmson1g@sakura.ne.jp,Female
54,Edmon,Trigg,etrigg1h@msn.com,Female
55,Morlee,Stearn,mstearn1i@shutterfly.com,Female
56,Raphaela,Flanagan,rflanagan1j@amazon.com,Agender
57,Clarke,Leband,cleband1k@china.com.cn,Genderqueer
58,Gina,Darragon,gdarragon1l@wsj.com,Polygender
59,Brnaby,Cockerell,bcockerell1m@ted.com,Non-binary
60,Terrye,Leming,tleming1n@com.com,Genderqueer
61,Peggy,Kinnach,pkinnach1o@yolasite.com,Male
62,Zoe,Bernade,zbernade1p@google.es,Female
63,Carri,Tures,ctures1q@opensource.org,Genderqueer
64,Tatiana,Valti,tvalti1r@1688.com,Genderqueer
65,Nancey,Chitter,nchitter1s@newsvine.com,Genderqueer
66,Harriett,Shorbrook,hshorbrook1t@cornell.edu,Bigender
67,Feodora,Fackney,ffackney1u@skyrock.com,Male
68,Neill,Midner,nmidner1v@privacy.gov.au,Female
69,Selie,Sandbrook,ssandbrook1w@qq.com,Genderfluid
70,Buckie,Evered,bevered1x@list-manage.com,Non-binary
71,Godwin,Dawidowsky,gdawidowsky1y@howstuffworks.com,Male
72,Homere,Straniero,hstraniero1z@businessweek.com,Polygender
73,Bridie,McInulty,bmcinulty20@abc.net.au,Non-binary
74,Obediah,Rowett,orowett21@ezinearticles.com,Genderqueer
75,Sherm,Bewick,sbewick22@sakura.ne.jp,Bigender
76,Brion,Francis,bfrancis23@cmu.edu,Bigender
77,Suellen,Jeffryes,sjeffryes24@samsung.com,Non-binary
78,Lyssa,Venard,lvenard25@wikimedia.org,Bigender
79,Cristi,Leedes,cleedes26@about.com,Genderfluid
80,Rhett,Welling,rwelling27@thetimes.co.uk,Female
81,Tracy,Beig,tbeig28@ustream.tv,Female
82,Amble,Walch,awalch29@hao123.com,Agender
83,Lorain,McLachlan,lmclachlan2a@technorati.com,Male
84,Flor,Snazel,fsnazel2b@yahoo.com,Genderfluid
85,Rosco,Scotting,rscotting2c@loc.gov,Female
86,Giraldo,Pearcehouse,gpearcehouse2d@umn.edu,Non-binary
87,Karlie,Harrington,kharrington2e@storify.com,Bigender
88,Kaitlyn,Miguel,kmiguel2f@huffingtonpost.com,Male
89,Neille,Dods,ndods2g@state.tx.us,Female
90,Eleanora,Heiss,eheiss2h@sbwire.com,Polygender
91,Shanon,Purrington,spurrington2i@dropbox.com,Non-binary
92,Laina,Shorthill,lshorthill2j@elegantthemes.com,Polygender
93,Linus,Horlock,lhorlock2k@microsoft.com,Female
94,Lou,Merck,lmerck2l@vkontakte.ru,Male
95,Laurie,Collyns,lcollyns2m@cnbc.com,Bigender
96,Ferdinande,Tissier,ftissier2n@quantcast.com,Non-binary
97,Tobi,Shaxby,tshaxby2o@wsj.com,Agender
98,Hanny,Saph,hsaph2p@zimbio.com,Non-binary
99,Thorn,McGreary,tmcgreary2q@census.gov,Male
100,Llywellyn,Pierri,lpierri2r@delicious.com,Polygender
101,Mahala,Clair,mclair2s@amazon.de,Genderqueer
102,Mae,Heugh,mheugh2t@ning.com,Male
103,Sharai,Mingauld,smingauld2u@goodreads.com,Bigender
104,Creighton,Dunbar,cdunbar2v@last.fm,Bigender
105,Maddie,Rabjohn,mrabjohn2w@plala.or.jp,Agender
106,Jedediah,Ewenson,jewenson2x@oaic.gov.au,Genderqueer
107,Hailey,Laverock,hlaverock2y@prweb.com,Male
108,Ario,Meiningen,ameiningen2z@odnoklassniki.ru,Agender
109,Arin,Coggeshall,acoggeshall30@wiley.com,Male
110,Cristin,Tambling,ctambling31@hexun.com,Female
111,Julita,Copin,jcopin32@shinystat.com,Non-binary
112,Audry,Oakhill,aoakhill33@tamu.edu,Polygender
113,Westbrook,Bassick,wbassick34@paypal.com,Agender
114,Stesha,De Angelo,sdeangelo35@imgur.com,Genderfluid
115,Rivy,Bogie,rbogie36@jiathis.com,Female
116,Vin,Glasby,vglasby37@princeton.edu,Non-binary
117,Annmarie,Bohan,abohan38@gnu.org,Male
118,Ginni,O'Looney,golooney39@webnode.com,Agender
119,Aymer,Strodder,astrodder3a@tripadvisor.com,Agender
120,Noe,Christoffe,nchristoffe3b@phpbb.com,Female
121,Quinn,Sleaford,qsleaford3c@microsoft.com,Genderqueer
122,Dewie,Ivory,divory3d@wordpress.com,Bigender
123,Rutherford,Acres,racres3e@usda.gov,Polygender
124,Leandra,Burlingame,lburlingame3f@chronoengine.com,Genderqueer
125,Selle,Koles,skoles3g@squarespace.com,Bigender
126,Jeremy,Jagels,jjagels3h@elpais.com,Male
127,Cart,Conville,cconville3i@youtube.com,Genderfluid
128,Alair,Issakov,aissakov3j@printfriendly.com,Male
129,Juliette,Kienl,jkienl3k@wikia.com,Non-binary
130,Blondelle,Ivushkin,bivushkin3l@gnu.org,Genderqueer
131,Alison,Fulford,afulford3m@last.fm,Genderfluid
132,Mike,Martinolli,mmartinolli3n@over-blog.com,Non-binary
133,Phaedra,Filipic,pfilipic3o@behance.net,Bigender
134,Samuele,Moss,smoss3p@gnu.org,Genderfluid
135,Moria,Balharrie,mbalharrie3q@photobucket.com,Bigender
136,Natalya,Eich,neich3r@fotki.com,Female
137,Emelda,Blodgett,eblodgett3s@github.io,Male
138,Hurley,Cornick,hcornick3t@barnesandnoble.com,Polygender
139,Olvan,Waryk,owaryk3u@nhs.uk,Female
140,Burr,Scarlet,bscarlet3v@nytimes.com,Polygender
141,Thatch,Spragge,tspragge3w@hatena.ne.jp,Polygender
142,Desmund,Denisovo,ddenisovo3x@nps.gov,Male
143,Gris,Le - Count,glecount3y@phoca.cz,Bigender
144,Lily,Claiden,lclaiden3z@state.tx.us,Genderfluid
145,Conroy,Elsby,celsby40@wsj.com,Polygender
146,Cinda,Ringwood,cringwood41@amazon.de,Genderqueer
147,Spence,Bowditch,sbowditch42@cyberchimps.com,Female
148,Elset,McRobbie,emcrobbie43@rakuten.co.jp,Female
149,Selestina,Dunklee,sdunklee44@scribd.com,Genderqueer
150,Adina,MacAllester,amacallester45@toplist.cz,Genderqueer
151,Vinnie,Millican,vmillican46@census.gov,Non-binary
152,Micaela,Whittek,mwhittek47@oaic.gov.au,Non-binary
153,Ophelie,Cranfield,ocranfield48@cbc.ca,Female
154,Rudie,Keningham,rkeningham49@ask.com,Polygender
155,Millicent,Stithe,mstithe4a@dropbox.com,Genderfluid
156,Gaby,Buntain,gbuntain4b@spotify.com,Non-binary
157,Dannel,Dugget,ddugget4c@4shared.com,Polygender
158,Johnette,Longland,jlongland4d@amazon.co.jp,Polygender
159,Dulcea,Hiscoe,dhiscoe4e@pcworld.com,Polygender
160,Betteann,Simons,bsimons4f@theguardian.com,Polygender
161,Yves,Copping,ycopping4g@cisco.com,Genderfluid
162,Bradney,Di Biasio,bdibiasio4h@webnode.com,Male
163,Pauletta,Othen,pothen4i@webs.com,Male
164,Vanna,Frarey,vfrarey4j@ucoz.com,Polygender
165,Towney,Staton,tstaton4k@sbwire.com,Agender
166,Laurence,Waight,lwaight4l@hao123.com,Agender
167,Dore,Warmington,dwarmington4m@yale.edu,Genderqueer
168,Orran,Cavill,ocavill4n@vkontakte.ru,Genderqueer
169,Fanni,Stonestreet,fstonestreet4o@paginegialle.it,Male
170,Rufus,Hoffmann,rhoffmann4p@timesonline.co.uk,Male
171,Tanitansy,Wakelam,twakelam4q@mac.com,Female
172,Scarlett,Kuhnert,skuhnert4r@about.com,Male
173,Prentice,Verrall,pverrall4s@bravesites.com,Female
174,Leisha,Raddin,lraddin4t@meetup.com,Non-binary
175,Edith,Hutchcraft,ehutchcraft4u@istockphoto.com,Female
176,Anet,Ubsdall,aubsdall4v@apache.org,Genderqueer
177,Roslyn,Fireman,rfireman4w@yelp.com,Bigender
178,Darrick,Albany,dalbany4x@sfgate.com,Male
179,Annalee,Dobrowlski,adobrowlski4y@tiny.cc,Male
180,Lira,Titcumb,ltitcumb4z@xinhuanet.com,Male
181,Aldin,Pashen,apashen50@msu.edu,Agender
182,Vito,Segeswoeth,vsegeswoeth51@nature.com,Female
183,Hobart,Mincher,hmincher52@webeden.co.uk,Female
184,Chelsea,Reddihough,creddihough53@ibm.com,Bigender
185,Wylma,Prinnett,wprinnett54@businessinsider.com,Bigender
186,Teriann,Kisbey,tkisbey55@godaddy.com,Male
187,Sal,Origin,sorigin56@yolasite.com,Genderfluid
188,Renate,Mountain,rmountain57@globo.com,Non-binary
189,Vanya,Hinkensen,vhinkensen58@ezinearticles.com,Polygender
190,Andrus,Corneil,acorneil59@bbb.org,Non-binary
191,Penelopa,Pimlock,ppimlock5a@addtoany.com,Male
192,Alexandre,Prazor,aprazor5b@meetup.com,Agender
193,Lonna,Freebury,lfreebury5c@alexa.com,Polygender
194,Philip,Dober,pdober5d@mapquest.com,Genderqueer
195,Ferne,Mabon,fmabon5e@apple.com,Male
196,Cleon,Moraleda,cmoraleda5f@who.int,Genderqueer
197,Jonathan,Claisse,jclaisse5g@istockphoto.com,Genderqueer
198,Alisander,Telling,atelling5h@csmonitor.com,Bigender
199,Bryn,Allitt,ballitt5i@abc.net.au,Agender
200,Elbertine,Bousfield,ebousfield5j@rambler.ru,Bigender
201,Vida,Rolse,vrolse5k@ameblo.jp,Genderqueer
202,Josi,McMullen,jmcmullen5l@cafepress.com,Genderqueer
203,Adelind,Preece,apreece5m@parallels.com,Bigender
204,Glynda,Eates,geates5n@newsvine.com,Male
205,Peria,Slarke,pslarke5o@sun.com,Female
206,Juline,Eisikovitsh,jeisikovitsh5p@wsj.com,Female
207,Morgen,Oliva,moliva5q@tiny.cc,Non-binary
208,Patsy,Pirelli,ppirelli5r@mediafire.com,Bigender
209,Randee,Cudworth,rcudworth5s@facebook.com,Bigender
210,Suzi,Hazleton,shazleton5t@engadget.com,Genderqueer
211,Saundra,Kettlestringes,skettlestringes5u@marketwatch.com,Genderqueer
212,Rosamund,Janowski,rjanowski5v@joomla.org,Genderfluid
213,Ashia,Schlag,aschlag5w@hugedomains.com,Male
214,Molly,Raithbie,mraithbie5x@canalblog.com,Genderqueer
215,Aurelea,Purple,apurple5y@yale.edu,Agender
216,Domenico,Bolsover,dbolsover5z@amazonaws.com,Genderfluid
217,Patric,Sifleet,psifleet60@over-blog.com,Non-binary
218,Quinton,Treleaven,qtreleaven61@opera.com,Genderqueer
219,Yvon,Yo,yyo62@shinystat.com,Genderqueer
220,Bernadina,Attenbarrow,battenbarrow63@cnn.com,Bigender
221,Colline,Snoxill,csnoxill64@statcounter.com,Genderqueer
222,Rebe,Strippling,rstrippling65@qq.com,Female
223,Maxi,Seamons,mseamons66@paginegialle.it,Non-binary
224,Briant,Whooley,bwhooley67@sciencedirect.com,Genderqueer
225,Frasier,Astill,fastill68@e-recht24.de,Male
226,Law,Danzey,ldanzey69@vistaprint.com,Non-binary
227,Dorelle,Lugton,dlugton6a@rediff.com,Agender
228,Vivi,Blackston,vblackston6b@noaa.gov,Female
229,Munmro,Hugonneau,mhugonneau6c@wordpress.org,Female
230,Maryjane,Shiliton,mshiliton6d@sitemeter.com,Genderfluid
231,Sylvia,Jiricka,sjiricka6e@networkadvertising.org,Non-binary
232,Veda,Cobby,vcobby6f@1und1.de,Non-binary
233,Curran,O'Scollee,coscollee6g@dion.ne.jp,Male
234,Casper,Fancourt,cfancourt6h@mashable.com,Polygender
235,Ossie,Spraggs,ospraggs6i@tinyurl.com,Male
236,Dag,Messruther,dmessruther6j@economist.com,Non-binary
237,Vonni,Dargue,vdargue6k@hhs.gov,Genderqueer
238,Christopher,O'Sullivan,cosullivan6l@va.gov,Female
239,Whittaker,Marshland,wmarshland6m@tamu.edu,Bigender
240,Addie,Rendell,arendell6n@prlog.org,Genderfluid
241,Dore,Adlem,dadlem6o@nymag.com,Polygender
242,Skipper,Illesley,sillesley6p@yahoo.com,Genderfluid
243,Dorolice,Dinkin,ddinkin6q@godaddy.com,Bigender
244,Denys,Vaudin,dvaudin6r@sfgate.com,Genderfluid
245,Mattheus,Gabbott,mgabbott6s@hc360.com,Female
246,Anallise,Emlin,aemlin6t@oaic.gov.au,Agender
247,Hans,Lawton,hlawton6u@apache.org,Genderfluid
248,Janot,Reolfo,jreolfo6v@zimbio.com,Non-binary
249,Ardelle,Bonett,abonett6w@sciencedaily.com,Male
250,Latrena,Tesimon,ltesimon6x@comsenz.com,Genderfluid
251,Isidoro,Boatman,iboatman6y@ezinearticles.com,Male
252,Doug,Babe,dbabe6z@tiny.cc,Bigender
253,Jackie,Wellfare,jwellfare70@go.com,Genderfluid
254,Eli,Corrie,ecorrie71@gravatar.com,Genderqueer
255,Chip,Ladewig,cladewig72@princeton.edu,Bigender
256,Brooks,Davidi,bdavidi73@wikia.com,Genderqueer
257,Griselda,Christie,gchristie74@hexun.com,Female
258,Julee,Starrs,jstarrs75@woothemes.com,Male
259,Becky,Chelnam,bchelnam76@odnoklassniki.ru,Agender
260,Emilee,Slixby,eslixby77@dailymail.co.uk,Male
261,Carmelia,Geely,cgeely78@fastcompany.com,Genderfluid
262,Kalina,Dunnett,kdunnett79@ezinearticles.com,Genderqueer
263,Rachel,Bizley,rbizley7a@jugem.jp,Female
264,Priscilla,Ikins,pikins7b@artisteer.com,Genderqueer
265,Ema,Parfitt,eparfitt7c@vimeo.com,Female
266,Merwyn,Connichie,mconnichie7d@dailymail.co.uk,Agender
267,Sheffy,McKitterick,smckitterick7e@ustream.tv,Female
268,Austin,Oughtright,aoughtright7f@livejournal.com,Non-binary
269,Axe,Tenny,atenny7g@tinyurl.com,Male
270,Carlin,Denial,cdenial7h@soup.io,Male
271,Oralla,Bartosiak,obartosiak7i@php.net,Polygender
272,Jo ann,Wadly,jwadly7j@gravatar.com,Agender
273,Jilleen,Kelby,jkelby7k@squarespace.com,Polygender
274,Paige,Scrogges,pscrogges7l@xing.com,Non-binary
275,Teena,Cannaway,tcannaway7m@statcounter.com,Male
276,Jacinthe,Wardhaw,jwardhaw7n@woothemes.com,Male
277,Mannie,Skelding,mskelding7o@unesco.org,Female
278,Reuven,Tallowin,rtallowin7p@bizjournals.com,Polygender
279,Ferdinand,Dawkins,fdawkins7q@walmart.com,Male
280,Val,Duhig,vduhig7r@pagesperso-orange.fr,Bigender
281,Hersh,Darnborough,hdarnborough7s@drupal.org,Genderfluid
282,Grace,Fitton,gfitton7t@house.gov,Non-binary
283,Aili,Sivill,asivill7u@nyu.edu,Polygender
284,Obadiah,Klicher,oklicher7v@topsy.com,Polygender
285,Gwenneth,De Michele,gdemichele7w@qq.com,Genderqueer
286,Stanford,Waterstone,swaterstone7x@flickr.com,Agender
287,Doralyn,Milam,dmilam7y@auda.org.au,Non-binary
288,Bree,Djurevic,bdjurevic7z@tmall.com,Polygender
289,Hadrian,Dotson,hdotson80@biblegateway.com,Female
290,Missie,Duddle,mduddle81@chicagotribune.com,Bigender
291,Egon,Tabbernor,etabbernor82@opera.com,Non-binary
292,Aubrette,Mathiasen,amathiasen83@jalbum.net,Agender
293,Benedetta,Thorley,bthorley84@cnbc.com,Polygender
294,Bourke,Chaplyn,bchaplyn85@washington.edu,Male
295,Orelia,Truder,otruder86@devhub.com,Male
296,Maris,Meneo,mmeneo87@virginia.edu,Non-binary
297,Cacilia,Ainge,cainge88@sciencedirect.com,Female
298,Korney,Hudel,khudel89@blogtalkradio.com,Polygender
299,Alika,Allon,aallon8a@dailymail.co.uk,Agender
300,Alicea,Burley,aburley8b@ucoz.com,Agender
301,Donnie,Lang,dlang8c@nih.gov,Non-binary
302,Mimi,Ducroe,mducroe8d@google.ru,Agender
303,Ernestus,Adamovitz,eadamovitz8e@flickr.com,Genderfluid
304,Enriqueta,Eldridge,eeldridge8f@time.com,Genderqueer
305,Randa,Hardstaff,rhardstaff8g@earthlink.net,Bigender
306,Shaina,Rosenfelder,srosenfelder8h@wikia.com,Polygender
307,Moss,Knightly,mknightly8i@wp.com,Genderfluid
308,Barbabas,Farish,bfarish8j@ftc.gov,Polygender
309,Kerwin,Adlington,kadlington8k@drupal.org,Female
310,Hurleigh,Sears,hsears8l@wikia.com,Genderqueer
311,Marcello,Lackey,mlackey8m@paginegialle.it,Male
312,Pren,Cornilleau,pcornilleau8n@engadget.com,Female
313,Gisele,Setchell,gsetchell8o@stanford.edu,Female
314,Darren,Meyrick,dmeyrick8p@indiatimes.com,Agender
315,Arly,Brunton,abrunton8q@posterous.com,Female
316,Ceil,Delagua,cdelagua8r@themeforest.net,Genderfluid
317,Agnola,Boden,aboden8s@reverbnation.com,Agender
318,Glory,Belsher,gbelsher8t@europa.eu,Genderfluid
319,Linn,Surman,lsurman8u@bbb.org,Genderfluid
320,Sigismund,Penlington,spenlington8v@storify.com,Genderfluid
321,Caty,Drewson,cdrewson8w@live.com,Non-binary
322,Georgina,Liddiatt,gliddiatt8x@microsoft.com,Agender
323,Hans,Brookhouse,hbrookhouse8y@redcross.org,Polygender
324,Mortie,Sweeney,msweeney8z@chicagotribune.com,Female
325,Reuven,Lecount,rlecount90@digg.com,Genderqueer
326,Crysta,Andrini,candrini91@skype.com,Polygender
327,Joan,Canero,jcanero92@oaic.gov.au,Genderqueer
328,Megan,Ridwood,mridwood93@plala.or.jp,Genderfluid
329,Daren,Goudard,dgoudard94@wunderground.com,Male
330,Heall,O' Flaherty,hoflaherty95@hatena.ne.jp,Male
331,Kirbee,Fernie,kfernie96@loc.gov,Bigender
332,Reade,Brend,rbrend97@jimdo.com,Male
333,Katerina,Cromett,kcromett98@discovery.com,Bigender
334,Chance,Witton,cwitton99@google.ca,Agender
335,Clerissa,Cottee,ccottee9a@imageshack.us,Male
336,Juieta,Fries,jfries9b@github.com,Polygender
337,Bernelle,Sang,bsang9c@squidoo.com,Male
338,Vinny,Fishenden,vfishenden9d@cnet.com,Female
339,Banky,Pepperd,bpepperd9e@arizona.edu,Bigender
340,Noll,Guymer,nguymer9f@de.vu,Polygender
341,Chantal,Oxlade,coxlade9g@opera.com,Non-binary
342,Dal,MacInherney,dmacinherney9h@vinaora.com,Agender
343,Briant,Doggart,bdoggart9i@wiley.com,Female
344,Ange,De Blasiis,adeblasiis9j@abc.net.au,Genderfluid
345,Loretta,Garthshore,lgarthshore9k@npr.org,Polygender
346,Cherise,McSperron,cmcsperron9l@studiopress.com,Polygender
347,Raimondo,Kynsey,rkynsey9m@amazonaws.com,Male
348,Barbara,Brenneke,bbrenneke9n@oakley.com,Bigender
349,Clayton,Marfell,cmarfell9o@google.ru,Male
350,Leoline,Throssell,lthrossell9p@boston.com,Genderfluid
351,Charlot,Swett,cswett9q@statcounter.com,Genderqueer
352,Jonis,Michiel,jmichiel9r@bluehost.com,Non-binary
353,Fitzgerald,Columbine,fcolumbine9s@google.nl,Polygender
354,Brew,Savine,bsavine9t@lycos.com,Non-binary
355,Justis,Breckin,jbreckin9u@mayoclinic.com,Male
356,Dusty,Comellini,dcomellini9v@angelfire.com,Male
357,Kitti,Castri,kcastri9w@unblog.fr,Male
358,Reggie,Lamborn,rlamborn9x@flavors.me,Non-binary
359,Vale,Hightown,vhightown9y@hp.com,Non-binary
360,Raynor,MacMickan,rmacmickan9z@hp.com,Polygender
361,Rowland,Pettitt,rpettitta0@whitehouse.gov,Male
362,Whitman,Melding,wmeldinga1@redcross.org,Female
363,Collete,Cozby,ccozbya2@example.com,Male
364,Calla,Chaperling,cchaperlinga3@wordpress.org,Bigender
365,Maryanna,Waplinton,mwaplintona4@dmoz.org,Male
366,Frederich,Petroselli,fpetrosellia5@goo.gl,Genderqueer
367,Gaspar,Stack,gstacka6@wired.com,Polygender
368,Terri,Weed,tweeda7@soundcloud.com,Female
369,Isahella,Mapplebeck,imapplebecka8@theglobeandmail.com,Genderqueer
370,Allie,Proughten,aproughtena9@nbcnews.com,Non-binary
371,Elsa,Bennallck,ebennallckaa@wired.com,Bigender
372,Ogden,Phillcock,ophillcockab@opera.com,Bigender
373,Kipper,Trotter,ktrotterac@goo.gl,Female
374,Winnie,Ashcroft,washcroftad@addtoany.com,Female
375,Starlene,Wilfinger,swilfingerae@wix.com,Genderqueer
376,Blythe,Shirt,bshirtaf@europa.eu,Genderqueer
377,Gael,Perassi,gperassiag@cafepress.com,Genderfluid
378,Margareta,Whybray,mwhybrayah@cpanel.net,Female
379,Garrek,Booty,gbootyai@prweb.com,Genderfluid
380,Corbie,Spataro,cspataroaj@seattletimes.com,Non-binary
381,Elonore,Troke,etrokeak@ovh.net,Polygender
382,Janice,Ife,jifeal@angelfire.com,Genderqueer
383,Rob,Denyer,rdenyeram@gravatar.com,Genderfluid
384,Isiahi,Preon,ipreonan@eepurl.com,Non-binary
385,Clark,Tute,ctuteao@google.nl,Genderqueer
386,Lorri,Wonfor,lwonforap@theglobeandmail.com,Bigender
387,Maurise,Greve,mgreveaq@bigcartel.com,Male
388,Darren,Henbury,dhenburyar@illinois.edu,Polygender
389,Felic,Jandel,fjandelas@tmall.com,Non-binary
390,Connor,Bottinelli,cbottinelliat@printfriendly.com,Agender
391,Nial,Reader,nreaderau@liveinternet.ru,Genderfluid
392,Thaxter,Cianni,tcianniav@businessinsider.com,Agender
393,Sherlocke,Hubbock,shubbockaw@ebay.com,Agender
394,Celisse,Crumpton,ccrumptonax@digg.com,Genderqueer
395,Glyn,Francesco,gfrancescoay@fc2.com,Genderfluid
396,Lutero,Stollmeier,lstollmeieraz@i2i.jp,Non-binary
397,Ameline,Warfield,awarfieldb0@admin.ch,Non-binary
398,Dane,Beakes,dbeakesb1@parallels.com,Bigender
399,Isahella,Woodfin,iwoodfinb2@reference.com,Male
400,Dollie,Shoebotham,dshoebothamb3@hexun.com,Male
401,Mureil,Toyer,mtoyerb4@so-net.ne.jp,Non-binary
402,Tessie,Connechy,tconnechyb5@discovery.com,Male
403,Correna,Pastor,cpastorb6@elegantthemes.com,Non-binary
404,Ryann,Catterell,rcatterellb7@uiuc.edu,Female
405,Liesa,Tiernan,ltiernanb8@goo.ne.jp,Polygender
406,Jaquith,Rippon,jripponb9@engadget.com,Polygender
407,Omero,Sexten,osextenba@guardian.co.uk,Polygender
408,Bert,Kuhnt,bkuhntbb@miitbeian.gov.cn,Female
409,Celene,St. Quentin,cstquentinbc@intel.com,Genderqueer
410,Basil,Bastian,bbastianbd@buzzfeed.com,Genderqueer
411,Amaleta,Guirau,aguiraube@jimdo.com,Non-binary
412,Cal,Cogin,ccoginbf@over-blog.com,Genderqueer
413,Dede,Meeking,dmeekingbg@pbs.org,Agender
414,Margery,Dory,mdorybh@t.co,Polygender
415,Milton,Kinner,mkinnerbi@bigcartel.com,Agender
416,Abrahan,Braunroth,abraunrothbj@zdnet.com,Non-binary
417,Abba,Twycross,atwycrossbk@infoseek.co.jp,Agender
418,Colan,Bethune,cbethunebl@samsung.com,Genderqueer
419,Alfie,Santore,asantorebm@google.com.hk,Genderfluid
420,Jonie,Sipson,jsipsonbn@webnode.com,Agender
421,Muffin,Sarra,msarrabo@google.com,Polygender
422,Agathe,Sneezum,asneezumbp@flickr.com,Non-binary
423,Garrot,Minchindon,gminchindonbq@chron.com,Bigender
424,Any,Oxley,aoxleybr@nhs.uk,Bigender
425,Jenny,Kite,jkitebs@wikimedia.org,Non-binary
426,Casi,Dye,cdyebt@printfriendly.com,Male
427,Lazar,Forster,lforsterbu@gravatar.com,Male
428,Feodora,Phippin,fphippinbv@google.co.uk,Non-binary
429,Madge,Liepmann,mliepmannbw@umich.edu,Male
430,Dee,Forge,dforgebx@storify.com,Male
431,Krysta,De la Barre,kdelabarreby@arstechnica.com,Agender
432,Jessey,Ebi,jebibz@livejournal.com,Female
433,Aguie,Binfield,abinfieldc0@nih.gov,Bigender
434,Tabbi,Kitteringham,tkitteringhamc1@google.com.hk,Female
435,Maddy,Lowthorpe,mlowthorpec2@deliciousdays.com,Non-binary
436,Mikol,Ruttgers,mruttgersc3@sogou.com,Non-binary
437,Steve,Shackleton,sshackletonc4@geocities.com,Female
438,Aggie,Ashpital,aashpitalc5@techcrunch.com,Male
439,Starr,Pynner,spynnerc6@wikimedia.org,Female
440,Ginny,Aymerich,gaymerichc7@amazon.com,Agender
441,Sharron,Greave,sgreavec8@google.it,Bigender
442,Karlens,Wagge,kwaggec9@fema.gov,Agender
443,Winthrop,Cotelard,wcotelardca@acquirethisname.com,Polygender
444,Daron,Campa,dcampacb@privacy.gov.au,Genderqueer
445,Marijn,Darwen,mdarwencc@4shared.com,Bigender
446,Dulcinea,Ofen,dofencd@mysql.com,Male
447,Reba,Genese,rgenesece@wikipedia.org,Male
448,Chick,Pawlata,cpawlatacf@unblog.fr,Male
449,Townsend,Hanse,thansecg@cam.ac.uk,Female
450,Domini,Penton,dpentonch@uol.com.br,Bigender
451,Arvy,Kittless,akittlessci@moonfruit.com,Polygender
452,Aeriela,Wrintmore,awrintmorecj@weebly.com,Genderqueer
453,Dietrich,Spaight,dspaightck@drupal.org,Agender
454,Tremain,Messer,tmessercl@ameblo.jp,Male
455,Doris,McDade,dmcdadecm@ed.gov,Genderfluid
456,Pavla,Goves,pgovescn@nyu.edu,Bigender
457,Mathian,Sondon,msondonco@wikispaces.com,Genderfluid
458,Tally,Schoales,tschoalescp@shinystat.com,Non-binary
459,Marget,Turvie,mturviecq@eventbrite.com,Genderfluid
460,Lyn,Pettegree,lpettegreecr@youku.com,Bigender
461,Rowen,McComb,rmccombcs@economist.com,Agender
462,Lincoln,Burdell,lburdellct@youtube.com,Male
463,Bert,Goldson,bgoldsoncu@netlog.com,Genderqueer
464,Rennie,Humfrey,rhumfreycv@cyberchimps.com,Genderqueer
465,Clarice,Karpmann,ckarpmanncw@pen.io,Bigender
466,Karlis,Mussilli,kmussillicx@irs.gov,Male
467,Karry,Randlesome,krandlesomecy@nydailynews.com,Agender
468,Iris,Grout,igroutcz@ted.com,Bigender
469,Ardith,Renzini,arenzinid0@wikimedia.org,Genderfluid
470,Thaddeus,Torrent,ttorrentd1@utexas.edu,Polygender
471,Jami,Gravell,jgravelld2@yahoo.co.jp,Non-binary
472,Elianora,Tuny,etunyd3@google.cn,Polygender
473,Burch,Madgin,bmadgind4@dagondesign.com,Bigender
474,Freida,Nibley,fnibleyd5@mediafire.com,Polygender
475,Cayla,Haines,chainesd6@uiuc.edu,Bigender
476,Keir,Langrick,klangrickd7@paginegialle.it,Bigender
477,Hesther,Gronno,hgronnod8@ed.gov,Non-binary
478,Esdras,Annetts,eannettsd9@google.ca,Polygender
479,Borden,Wheelton,bwheeltonda@bizjournals.com,Female
480,Ravid,Pashba,rpashbadb@ucoz.ru,Female
481,Mattheus,Olver,molverdc@de.vu,Bigender
482,Darelle,McCudden,dmccuddendd@dot.gov,Non-binary
483,Hagen,Bonnaire,hbonnairede@google.es,Genderfluid
484,Chloette,Cradey,ccradeydf@infoseek.co.jp,Agender
485,Bradley,McCaskill,bmccaskilldg@mit.edu,Agender
486,George,Standbridge,gstandbridgedh@naver.com,Polygender
487,Eva,Rennicks,erennicksdi@globo.com,Agender
488,Pincus,Mc-Kerley,pmckerleydj@altervista.org,Female
489,Sandro,Trotman,strotmandk@youtube.com,Genderfluid
490,Madison,Ordelt,mordeltdl@xinhuanet.com,Male
491,Karena,Salvadori,ksalvadoridm@gmpg.org,Agender
492,Trumaine,Goolding,tgooldingdn@nbcnews.com,Polygender
493,Veronika,Diver,vdiverdo@discuz.net,Female
494,Korney,McMackin,kmcmackindp@google.com.br,Female
495,Mill,Paynter,mpaynterdq@furl.net,Female
496,Charlot,Ruler,crulerdr@virginia.edu,Bigender
497,Georgine,Tilio,gtiliods@weebly.com,Bigender
498,Kania,Brandsma,kbrandsmadt@oaic.gov.au,Male
499,Raynor,Ellerby,rellerbydu@free.fr,Genderqueer
500,Roda,Hallowell,rhallowelldv@nationalgeographic.com,Genderfluid
501,Barbi,Pregel,bpregeldw@uiuc.edu,Non-binary
502,Christiano,Stobbart,cstobbartdx@w3.org,Female
503,Reba,Boneham,rbonehamdy@time.com,Polygender
504,Barry,Van de Vlies,bvandevliesdz@go.com,Genderqueer
505,Fannie,Glassup,fglassupe0@buzzfeed.com,Agender
506,Ange,Bartens,abartense1@guardian.co.uk,Genderfluid
507,Keary,Hankey,khankeye2@sourceforge.net,Genderqueer
508,Wendel,Mixworthy,wmixworthye3@360.cn,Non-binary
509,Lyndsay,Bickell,lbickelle4@eepurl.com,Genderfluid
510,Allsun,Kilalea,akilaleae5@umn.edu,Female
511,Inez,Castelow,icastelowe6@guardian.co.uk,Agender
512,Mellisent,Doerrling,mdoerrlinge7@360.cn,Female
513,Brandy,Sherwood,bsherwoode8@arizona.edu,Agender
514,Goddart,Shepherd,gshepherde9@freewebs.com,Female
515,Kelley,Maden,kmadenea@salon.com,Male
516,Sheila,Stockton,sstocktoneb@va.gov,Male
517,Meghann,MacCague,mmaccagueec@walmart.com,Polygender
518,Amandi,Goodoune,agoodouneed@virginia.edu,Genderfluid
519,Analiese,Fiddymont,afiddymontee@fotki.com,Non-binary
520,Minta,Jone,mjoneef@cbsnews.com,Genderfluid
521,Meredithe,Cometti,mcomettieg@wsj.com,Non-binary
522,Fonsie,Eastmead,feastmeadeh@sogou.com,Bigender
523,Woodrow,Woodage,wwoodageei@columbia.edu,Male
524,Sigfrid,Mixer,smixerej@phpbb.com,Bigender
525,Alis,Ferri,aferriek@fema.gov,Male
526,Christan,Finlow,cfinlowel@biblegateway.com,Non-binary
527,Daron,Bugby,dbugbyem@pcworld.com,Genderfluid
528,Cornelia,Danielli,cdaniellien@bandcamp.com,Non-binary
529,Myrtle,Norcock,mnorcockeo@ox.ac.uk,Non-binary
530,Chelsy,Lumley,clumleyep@google.co.uk,Non-binary
531,Zack,Danilovitch,zdanilovitcheq@vkontakte.ru,Genderfluid
532,Tedda,Lampl,tlampler@prlog.org,Genderqueer
533,Fredra,Bratten,fbrattenes@oracle.com,Bigender
534,Corrie,Streetley,cstreetleyet@w3.org,Female
535,Tucky,Rexworthy,trexworthyeu@nyu.edu,Female
536,Sean,Kennard,skennardev@prweb.com,Polygender
537,Kenon,Kaines,kkainesew@sbwire.com,Male
538,Reiko,Peaseman,rpeasemanex@imageshack.us,Polygender
539,Guillermo,Phaup,gphaupey@squidoo.com,Genderqueer
540,Richmound,Plackstone,rplackstoneez@amazon.co.jp,Female
541,Paxon,Cantu,pcantuf0@joomla.org,Non-binary
542,Lezley,Dory,ldoryf1@spotify.com,Female
543,Ekaterina,Seyfart,eseyfartf2@usnews.com,Bigender
544,Caterina,O'Caine,cocainef3@g.co,Genderfluid
545,Catie,Coil,ccoilf4@soup.io,Female
546,Nevsa,Grevile,ngrevilef5@myspace.com,Polygender
547,Ody,Spratley,ospratleyf6@netvibes.com,Bigender
548,Frannie,Pragnall,fpragnallf7@nydailynews.com,Agender
549,Ceciley,Janssens,cjanssensf8@shop-pro.jp,Polygender
550,Wilburt,Rosenblath,wrosenblathf9@soup.io,Female
551,Everard,Pellant,epellantfa@storify.com,Bigender
552,Holt,Windram,hwindramfb@salon.com,Genderqueer
553,Culley,Upfold,cupfoldfc@nasa.gov,Non-binary
554,Lonnard,Gwinnell,lgwinnellfd@paginegialle.it,Polygender
555,Emlyn,Pochin,epochinfe@baidu.com,Genderfluid
556,Oliviero,Strafen,ostrafenff@guardian.co.uk,Agender
557,Vito,Urion,vurionfg@hud.gov,Non-binary
558,Thain,Reinbach,treinbachfh@cloudflare.com,Genderqueer
559,Gretel,Tooley,gtooleyfi@macromedia.com,Non-binary
560,Bernardine,Favey,bfaveyfj@indiegogo.com,Male
561,Norrie,Wilman,nwilmanfk@oracle.com,Non-binary
562,Hillery,Dipple,hdipplefl@wikispaces.com,Genderfluid
563,Jeanelle,Hartell,jhartellfm@ask.com,Genderfluid
564,Asia,Dyer,adyerfn@odnoklassniki.ru,Agender
565,Pearl,Teideman,pteidemanfo@unblog.fr,Bigender
566,Mylo,Latta,mlattafp@biblegateway.com,Polygender
567,Leonid,Damiral,ldamiralfq@1688.com,Female
568,Chrystel,Immings,cimmingsfr@addthis.com,Genderfluid
569,Etan,Erdes,eerdesfs@un.org,Polygender
570,Gerrard,Shippard,gshippardft@whitehouse.gov,Bigender
571,Reider,Ewan,rewanfu@w3.org,Male
572,Creigh,Shobrook,cshobrookfv@ustream.tv,Non-binary
573,Tobiah,Commings,tcommingsfw@github.com,Genderqueer
574,Arline,Gerg,agergfx@mediafire.com,Female
575,Emmet,Imison,eimisonfy@51.la,Male
576,Vassili,McCullum,vmccullumfz@nymag.com,Polygender
577,Christie,Brome,cbromeg0@irs.gov,Female
578,Erinn,Spira,espirag1@dmoz.org,Genderqueer
579,Nerissa,Fisbey,nfisbeyg2@virginia.edu,Non-binary
580,Chicky,Paik,cpaikg3@mapquest.com,Non-binary
581,Nero,Branney,nbranneyg4@fastcompany.com,Non-binary
582,Nial,Fleisch,nfleischg5@earthlink.net,Genderqueer
583,Nolana,Elverston,nelverstong6@dagondesign.com,Female
584,Craig,MacNeilley,cmacneilleyg7@deliciousdays.com,Genderfluid
585,Arden,Arling,aarlingg8@cocolog-nifty.com,Non-binary
586,Noel,Raffon,nraffong9@reference.com,Male
587,Abbie,Huburn,ahuburnga@oakley.com,Genderqueer
588,Gabriella,Welfair,gwelfairgb@studiopress.com,Non-binary
589,Budd,Lewendon,blewendongc@aboutads.info,Female
590,Marchall,Kubanek,mkubanekgd@multiply.com,Agender
591,Rozelle,Richardeau,rrichardeauge@va.gov,Genderqueer
592,Gauthier,Beenham,gbeenhamgf@instagram.com,Male
593,Joelly,Bursnell,jbursnellgg@yellowbook.com,Genderqueer
594,Israel,Ochterlony,iochterlonygh@va.gov,Polygender
595,Cy,McKenna,cmckennagi@latimes.com,Bigender
596,Tabor,Jakubowicz,tjakubowiczgj@msn.com,Non-binary
597,Glynda,Calbert,gcalbertgk@ucoz.com,Genderfluid
598,Ericka,Glossop,eglossopgl@bigcartel.com,Non-binary
599,Rufus,Playdon,rplaydongm@loc.gov,Female
600,Joaquin,Mathison,jmathisongn@zimbio.com,Polygender
601,Janette,Marchi,jmarchigo@clickbank.net,Genderfluid
602,Lishe,Tregear,ltregeargp@unblog.fr,Genderqueer
603,Shaylah,Tierny,stiernygq@yandex.ru,Genderfluid
604,Siouxie,Hails,shailsgr@hao123.com,Bigender
605,Corissa,Easeman,ceasemangs@dailymail.co.uk,Non-binary
606,Stella,Ashbrook,sashbrookgt@google.com.au,Polygender
607,Anson,Gentil,agentilgu@jiathis.com,Male
608,Dominique,Dumphy,ddumphygv@multiply.com,Genderqueer
609,Brooke,Antognozzii,bantognozziigw@nih.gov,Male
610,Gan,Luxford,gluxfordgx@statcounter.com,Genderfluid
611,Ellene,Clynman,eclynmangy@opera.com,Non-binary
612,Swen,Shasnan,sshasnangz@tinyurl.com,Polygender
613,Morry,Gantzer,mgantzerh0@blogspot.com,Male
614,Conchita,Gaylard,cgaylardh1@unicef.org,Non-binary
615,Brodie,Borrowman,bborrowmanh2@desdev.cn,Non-binary
616,Jelene,Pinar,jpinarh3@newyorker.com,Bigender
617,Lian,Sail,lsailh4@spotify.com,Bigender
618,Sarette,Huff,shuffh5@ibm.com,Female
619,Kelsey,Wherrett,kwherretth6@google.co.uk,Genderfluid
620,Barnabas,Shippey,bshippeyh7@dailymail.co.uk,Female
621,Kay,Escolme,kescolmeh8@whitehouse.gov,Male
622,Crichton,Saby,csabyh9@toplist.cz,Genderfluid
623,Jaymie,Baker,jbakerha@icio.us,Non-binary
624,Dulcinea,Byway,dbywayhb@barnesandnoble.com,Male
625,Rosalie,Guerra,rguerrahc@boston.com,Polygender
626,Boycie,Anear,banearhd@skyrock.com,Male
627,Stepha,Kuhlen,skuhlenhe@histats.com,Female
628,Torin,Cadalleder,tcadallederhf@simplemachines.org,Agender
629,Agatha,Hassur,ahassurhg@miibeian.gov.cn,Agender
630,Derril,Priddey,dpriddeyhh@eventbrite.com,Female
631,Stanwood,Leifer,sleiferhi@mashable.com,Bigender
632,Sheelah,Southam,ssouthamhj@opensource.org,Female
633,Annabelle,Pinnocke,apinnockehk@ihg.com,Genderfluid
634,Rhett,Illwell,rillwellhl@joomla.org,Agender
635,Maryanna,Dyche,mdychehm@ibm.com,Bigender
636,Ivan,MacKnockiter,imacknockiterhn@hostgator.com,Bigender
637,Drucill,Browncey,dbrownceyho@amazon.de,Bigender
638,Sigmund,Oriel,sorielhp@sphinn.com,Agender
639,Taber,Kleinhandler,tkleinhandlerhq@paypal.com,Non-binary
640,Emmy,Brightling,ebrightlinghr@intel.com,Genderqueer
641,Noak,De Roberto,nderobertohs@domainmarket.com,Polygender
642,Milka,Amyes,mamyesht@ucsd.edu,Non-binary
643,Margaux,Tully,mtullyhu@clickbank.net,Genderqueer
644,Kalvin,Garrity,kgarrityhv@delicious.com,Agender
645,Milissent,Fairbrace,mfairbracehw@google.com.hk,Genderfluid
646,Rozamond,Loker,rlokerhx@senate.gov,Bigender
647,Burch,Hedworth,bhedworthhy@state.gov,Female
648,Maximilien,McGeachy,mmcgeachyhz@patch.com,Agender
649,Sheena,Chilvers,schilversi0@gnu.org,Bigender
650,Goraud,Blew,gblewi1@mapy.cz,Polygender
651,Joella,Ivanchenkov,jivanchenkovi2@oaic.gov.au,Agender
652,Hester,Christer,hchristeri3@histats.com,Agender
653,Denny,MacNeice,dmacneicei4@walmart.com,Non-binary
654,Ezechiel,Gregorio,egregorioi5@sphinn.com,Non-binary
655,Bliss,Cretney,bcretneyi6@4shared.com,Polygender
656,Kassi,Waldram,kwaldrami7@mozilla.com,Genderfluid
657,Charlot,Jeffs,cjeffsi8@huffingtonpost.com,Genderqueer
658,Riordan,Dorbin,rdorbini9@diigo.com,Bigender
659,Shannen,Scotchbrook,sscotchbrookia@abc.net.au,Bigender
660,Aeriell,Peploe,apeploeib@squidoo.com,Non-binary
661,Keen,Hymans,khymansic@pinterest.com,Agender
662,Linnet,Foulis,lfoulisid@photobucket.com,Non-binary
663,Kenton,Wetherby,kwetherbyie@paginegialle.it,Female
664,Evangeline,Cottu,ecottuif@hugedomains.com,Bigender
665,Gearalt,Cliffe,gcliffeig@posterous.com,Agender
666,Katheryn,Athow,kathowih@toplist.cz,Male
667,Davon,Poupard,dpoupardii@themeforest.net,Agender
668,Zed,Francey,zfranceyij@nsw.gov.au,Bigender
669,Tani,Boddington,tboddingtonik@ezinearticles.com,Genderfluid
670,Lilia,Lahrs,llahrsil@joomla.org,Agender
671,Murial,Larvin,mlarvinim@hao123.com,Female
672,Hatty,Bristow,hbristowin@reverbnation.com,Male
673,Virge,Vonderdell,vvonderdellio@typepad.com,Non-binary
674,Bartram,Geleman,bgelemanip@fotki.com,Bigender
675,Lettie,MacLise,lmacliseiq@bizjournals.com,Non-binary
676,Geno,De Souza,gdesouzair@php.net,Female
677,Seymour,Beiderbeck,sbeiderbeckis@un.org,Bigender
678,Riccardo,Cutting,rcuttingit@dion.ne.jp,Agender
679,Ali,Matveiko,amatveikoiu@phoca.cz,Male
680,Silvano,Hanniger,shannigeriv@thetimes.co.uk,Male
681,Jerri,Purser,jpurseriw@wix.com,Agender
682,Mattie,Keary,mkearyix@typepad.com,Genderfluid
683,Yvor,Sissons,ysissonsiy@walmart.com,Non-binary
684,Amelia,Bomb,abombiz@usa.gov,Polygender
685,Jamesy,Tippett,jtippettj0@tiny.cc,Female
686,Rolph,De Vaux,rdevauxj1@bbb.org,Agender
687,Sloane,Gartsyde,sgartsydej2@nyu.edu,Agender
688,Jeffry,Bisacre,jbisacrej3@alibaba.com,Polygender
689,Noemi,Dellenbrook,ndellenbrookj4@ibm.com,Non-binary
690,Cindy,Mayer,cmayerj5@statcounter.com,Genderfluid
691,Anderea,Dutteridge,adutteridgej6@bbc.co.uk,Genderqueer
692,Archambault,Delgadillo,adelgadilloj7@360.cn,Agender
693,Hermina,Plaide,hplaidej8@feedburner.com,Bigender
694,Tallou,Tesoe,ttesoej9@icio.us,Bigender
695,Kiri,Sposito,kspositoja@sphinn.com,Non-binary
696,Shell,Ludwikiewicz,sludwikiewiczjb@digg.com,Female
697,Giffard,Barnewille,gbarnewillejc@purevolume.com,Agender
698,Niki,Connikie,nconnikiejd@delicious.com,Polygender
699,Afton,Tichner,atichnerje@hp.com,Bigender
700,Alaine,Swan,aswanjf@goodreads.com,Genderfluid
701,Butch,Ashleigh,bashleighjg@google.com.hk,Genderfluid
702,Nicolai,Hutcheon,nhutcheonjh@quantcast.com,Non-binary
703,Roxanne,Hewson,rhewsonji@mapy.cz,Female
704,Latrina,Jacmar,ljacmarjj@boston.com,Polygender
705,Jerrilyn,Bloan,jbloanjk@yale.edu,Genderqueer
706,Sharlene,Klink,sklinkjl@uol.com.br,Non-binary
707,Rozelle,Gerrard,rgerrardjm@hc360.com,Polygender
708,Gibb,Barten,gbartenjn@1und1.de,Female
709,Lorenzo,Leary,llearyjo@usnews.com,Bigender
710,Murielle,Schwant,mschwantjp@ucoz.ru,Genderfluid
711,Madalyn,Impson,mimpsonjq@mac.com,Female
712,Edsel,De Cruce,edecrucejr@technorati.com,Male
713,Maura,Leinster,mleinsterjs@1688.com,Polygender
714,Ingeborg,Vardy,ivardyjt@facebook.com,Non-binary
715,Cordelie,Gaydon,cgaydonju@newsvine.com,Non-binary
716,Edi,Leverington,eleveringtonjv@oakley.com,Non-binary
717,Wini,Wortman,wwortmanjw@behance.net,Male
718,Kippie,Boolsen,kboolsenjx@eepurl.com,Genderfluid
719,Duff,Mullins,dmullinsjy@delicious.com,Genderfluid
720,Prentice,Mellodey,pmellodeyjz@qq.com,Bigender
721,Alon,Tupling,atuplingk0@imageshack.us,Genderfluid
722,Gretna,Becaris,gbecarisk1@hp.com,Female
723,Lyman,O' Cuolahan,locuolahank2@1und1.de,Bigender
724,Trey,Goodlad,tgoodladk3@princeton.edu,Male
725,Adrianna,Buttress,abuttressk4@apple.com,Genderfluid
726,Hamid,Ert,hertk5@nasa.gov,Polygender
727,Roshelle,Burnie,rburniek6@walmart.com,Genderqueer
728,Carmel,Middle,cmiddlek7@lulu.com,Agender
729,Correna,Lumley,clumleyk8@sfgate.com,Polygender
730,Lenette,Clarage,lclaragek9@simplemachines.org,Agender
731,Joyann,Founds,jfoundska@walmart.com,Agender
732,Ewart,Beneyto,ebeneytokb@sbwire.com,Agender
733,Ewan,Hannibal,ehannibalkc@desdev.cn,Polygender
734,Coralie,Pitway,cpitwaykd@technorati.com,Bigender
735,Tynan,Sebert,tsebertke@list-manage.com,Polygender
736,Lynna,Boulger,lboulgerkf@mapquest.com,Non-binary
737,Hattie,Hearnah,hhearnahkg@eepurl.com,Genderfluid
738,Kellina,Wintle,kwintlekh@homestead.com,Genderqueer
739,Shawn,Ladbury,sladburyki@macromedia.com,Female
740,Pietrek,Strowan,pstrowankj@sourceforge.net,Polygender
741,Tarah,Robathon,trobathonkk@blogspot.com,Non-binary
742,Monty,Lago,mlagokl@hao123.com,Male
743,Rafaello,Tumini,rtuminikm@acquirethisname.com,Bigender
744,Adham,MacNeely,amacneelykn@phoca.cz,Polygender
745,Louis,Brocklebank,lbrocklebankko@icio.us,Male
746,Siffre,Buckel,sbuckelkp@wordpress.com,Genderfluid
747,Gerhard,Knappitt,gknappittkq@illinois.edu,Agender
748,Denver,Kellett,dkellettkr@vistaprint.com,Male
749,Katee,Jiggle,kjiggleks@addtoany.com,Non-binary
750,Noble,Barthram,nbarthramkt@craigslist.org,Male
751,Madalena,McKeand,mmckeandku@yahoo.co.jp,Non-binary
752,Joanne,Brackenridge,jbrackenridgekv@tuttocitta.it,Female
753,Clary,Ducrow,cducrowkw@bandcamp.com,Female
754,Suzi,De Castri,sdecastrikx@wikimedia.org,Bigender
755,Essa,Niblett,eniblettky@patch.com,Agender
756,Chris,Alti,caltikz@1und1.de,Female
757,Flynn,Antoniak,fantoniakl0@goodreads.com,Polygender
758,Dexter,Crosetti,dcrosettil1@globo.com,Genderqueer
759,Karmen,Pinchon,kpinchonl2@meetup.com,Agender
760,Madge,Golland,mgollandl3@gmpg.org,Non-binary
761,Katie,Jeffress,kjeffressl4@vkontakte.ru,Genderfluid
762,Almire,Rosenbarg,arosenbargl5@google.cn,Polygender
763,Hayward,Colbourn,hcolbournl6@yahoo.com,Agender
764,Griz,Ewen,gewenl7@chron.com,Male
765,Elnar,McKnockiter,emcknockiterl8@rediff.com,Bigender
766,Hannis,Boots,hbootsl9@china.com.cn,Genderfluid
767,Othelia,Quigley,oquigleyla@shinystat.com,Genderqueer
768,Vilma,Addionizio,vaddioniziolb@fastcompany.com,Bigender
769,Valle,Poore,vpoorelc@go.com,Female
770,Allan,Hussey,ahusseyld@tmall.com,Female
771,Byrom,Elcox,belcoxle@skype.com,Bigender
772,Merissa,Ewings,mewingslf@adobe.com,Genderqueer
773,Kerstin,Gypson,kgypsonlg@merriam-webster.com,Non-binary
774,Harp,Hackworthy,hhackworthylh@sfgate.com,Genderfluid
775,Milzie,Belleny,mbellenyli@furl.net,Female
776,Faunie,Glaisner,fglaisnerlj@icq.com,Male
777,Anitra,Fidgett,afidgettlk@over-blog.com,Polygender
778,Rochelle,Stevens,rstevensll@bloglines.com,Female
779,Chic,Bloxland,cbloxlandlm@youku.com,Non-binary
780,Kelly,Balden,kbaldenln@mlb.com,Polygender
781,Edik,Newstead,enewsteadlo@wordpress.org,Non-binary
782,Winifred,Brettell,wbrettelllp@vinaora.com,Male
783,Arlina,Becconsall,abecconsalllq@who.int,Non-binary
784,Flor,Egell,fegelllr@accuweather.com,Bigender
785,Adams,Dooley,adooleyls@reverbnation.com,Genderfluid
786,Fredericka,Hedden,fheddenlt@examiner.com,Non-binary
787,Nicol,Lambal,nlamballu@tripod.com,Agender
788,Lesya,McDermot,lmcdermotlv@macromedia.com,Non-binary
789,Dehlia,Woolliams,dwoolliamslw@gnu.org,Male
790,Eddie,Cowden,ecowdenlx@cafepress.com,Genderfluid
791,Imojean,Sarrell,isarrellly@desdev.cn,Bigender
792,Eada,Eastway,eeastwaylz@sphinn.com,Non-binary
793,Lennard,Moxson,lmoxsonm0@com.com,Genderfluid
794,Jobina,Dudderidge,jdudderidgem1@cornell.edu,Genderqueer
795,Shannan,Poter,spoterm2@stanford.edu,Male
796,Hyatt,Gully,hgullym3@vimeo.com,Female
797,Del,Reddington,dreddingtonm4@narod.ru,Polygender
798,Silvan,Adrain,sadrainm5@amazon.com,Genderqueer
799,Clementina,Marron,cmarronm6@tiny.cc,Polygender
800,Israel,Wettern,iwetternm7@tripadvisor.com,Genderfluid
801,Stacee,Snellman,ssnellmanm8@privacy.gov.au,Bigender
802,Cindie,Tracey,ctraceym9@gov.uk,Genderfluid
803,Kettie,Fidler,kfidlerma@istockphoto.com,Non-binary
804,Madelle,Mawson,mmawsonmb@prweb.com,Female
805,Willem,Loveitt,wloveittmc@harvard.edu,Non-binary
806,Tatiana,Sacks,tsacksmd@wsj.com,Polygender
807,Milly,Arnley,marnleyme@ucoz.com,Agender
808,Karna,Truckett,ktruckettmf@com.com,Genderfluid
809,Cull,Bloodworthe,cbloodworthemg@tuttocitta.it,Agender
810,Natal,Hargrave,nhargravemh@freewebs.com,Agender
811,Mersey,Vamplers,mvamplersmi@bluehost.com,Polygender
812,Ashli,Martynikhin,amartynikhinmj@ucoz.ru,Agender
813,Minni,Mitcham,mmitchammk@networkadvertising.org,Polygender
814,Mariann,Odeson,modesonml@typepad.com,Non-binary
815,Willey,MacRinn,wmacrinnmm@vinaora.com,Non-binary
816,August,Dolbey,adolbeymn@dropbox.com,Non-binary
817,Tomas,Hanscom,thanscommo@foxnews.com,Male
818,Denny,Dodson,ddodsonmp@hubpages.com,Non-binary
819,Ella,Ditchburn,editchburnmq@tripod.com,Male
820,Ilsa,Hebson,ihebsonmr@booking.com,Agender
821,Robinia,Skippen,rskippenms@hp.com,Non-binary
822,Yank,Earngy,yearngymt@reference.com,Female
823,Jacenta,Maureen,jmaureenmu@senate.gov,Non-binary
824,Ethelda,Alleway,eallewaymv@google.es,Female
825,Waverley,Edwardson,wedwardsonmw@hexun.com,Genderfluid
826,Louisette,Cansdall,lcansdallmx@sogou.com,Non-binary
827,Rayna,Condie,rcondiemy@studiopress.com,Agender
828,Kayne,Sheldon,ksheldonmz@goo.ne.jp,Agender
829,Reagen,Rosenblatt,rrosenblattn0@gmpg.org,Bigender
830,Jake,Estoile,jestoilen1@google.es,Polygender
831,Anetta,Dyett,adyettn2@de.vu,Bigender
832,Brigg,Waud,bwaudn3@ucoz.com,Non-binary
833,Carmelina,Nuzzetti,cnuzzettin4@cdbaby.com,Male
834,Rhona,Kaye,rkayen5@earthlink.net,Bigender
835,Neel,Bamber,nbambern6@symantec.com,Non-binary
836,Berri,Duggleby,bdugglebyn7@dot.gov,Genderfluid
837,Martynne,Hume,mhumen8@vinaora.com,Non-binary
838,Angelico,Eldon,aeldonn9@google.cn,Male
839,Christie,Sebire,csebirena@google.com,Non-binary
840,Arch,Rainbow,arainbownb@earthlink.net,Agender
841,Galven,Dossettor,gdossettornc@plala.or.jp,Male
842,Chelsy,Alwood,calwoodnd@usgs.gov,Bigender
843,Cynthea,Witherup,cwitherupne@alibaba.com,Polygender
844,Diena,Gatesman,dgatesmannf@about.me,Male
845,Natalina,Glaze,nglazeng@unicef.org,Agender
846,Donnie,Escoffrey,descoffreynh@hexun.com,Female
847,Kata,Shugg,kshuggni@elegantthemes.com,Non-binary
848,Reilly,Duff,rduffnj@amazon.com,Agender
849,Belvia,Behrend,bbehrendnk@wikia.com,Non-binary
850,Franklyn,Polglaze,fpolglazenl@fema.gov,Genderfluid
851,Gearard,Postgate,gpostgatenm@mediafire.com,Agender
852,Mile,Grinnikov,mgrinnikovnn@oakley.com,Agender
853,Neall,Harry,nharryno@timesonline.co.uk,Non-binary
854,Luigi,Gierek,lgiereknp@list-manage.com,Bigender
855,Toddy,Wooland,twoolandnq@addthis.com,Female
856,Quinlan,Bellchamber,qbellchambernr@flickr.com,Bigender
857,Cherida,Datte,cdattens@studiopress.com,Polygender
858,Peyton,Kristoffersson,pkristofferssonnt@delicious.com,Genderfluid
859,Lyndy,Sigart,lsigartnu@rediff.com,Genderqueer
860,Anthony,Sherewood,asherewoodnv@biblegateway.com,Non-binary
861,Jozef,Whichelow,jwhichelownw@wordpress.com,Male
862,Agace,Balch,abalchnx@businesswire.com,Male
863,Kassia,Rushmere,krushmereny@umn.edu,Genderfluid
864,Kaiser,Sacco,ksacconz@nsw.gov.au,Polygender
865,Mallory,Ixer,mixero0@addtoany.com,Agender
866,Nil,Pattini,npattinio1@multiply.com,Agender
867,Josias,Daley,jdaleyo2@army.mil,Agender
868,Otho,Boldock,oboldocko3@statcounter.com,Agender
869,Murial,Tilte,mtilteo4@hao123.com,Non-binary
870,Juli,Riseam,jriseamo5@mapy.cz,Male
871,Fergus,Marjoribanks,fmarjoribankso6@japanpost.jp,Female
872,Connie,Hacquoil,chacquoilo7@over-blog.com,Genderfluid
873,Rhonda,Fawley,rfawleyo8@plala.or.jp,Female
874,Noach,Jansen,njanseno9@msn.com,Genderfluid
875,Emlyn,Shattock,eshattockoa@foxnews.com,Genderfluid
876,Henriette,Du Fray,hdufrayob@icq.com,Bigender
877,Sibel,Iltchev,siltchevoc@samsung.com,Bigender
878,Tommi,Simonini,tsimoniniod@google.es,Female
879,Banky,Plank,bplankoe@intel.com,Polygender
880,Hiram,Kase,hkaseof@flickr.com,Agender
881,Kurt,Kedslie,kkedslieog@sciencedaily.com,Male
882,Mariya,Hardwidge,mhardwidgeoh@usgs.gov,Female
883,Trudie,Malzard,tmalzardoi@paypal.com,Female
884,Chrysler,Tiddeman,ctiddemanoj@spiegel.de,Female
885,Neron,McLeese,nmcleeseok@ycombinator.com,Bigender
886,Christoph,Bento,cbentool@yandex.ru,Polygender
887,Tim,Gregg,tgreggom@upenn.edu,Male
888,Vern,Cutforth,vcutforthon@time.com,Non-binary
889,Marla,Valenti,mvalentioo@dyndns.org,Agender
890,Fabien,Gorham,fgorhamop@indiatimes.com,Genderfluid
891,Johannah,Van T'Hoog,jvanthoogoq@shop-pro.jp,Polygender
892,Ardenia,Bortolini,abortolinior@amazon.co.jp,Agender
893,Mommy,Goldson,mgoldsonos@tumblr.com,Non-binary
894,Liam,Wallas,lwallasot@vinaora.com,Male
895,Roland,Joist,rjoistou@unblog.fr,Bigender
896,Arlyn,Abbyss,aabbyssov@yellowbook.com,Non-binary
897,Eddy,Cody,ecodyow@spotify.com,Agender
898,Clarinda,Todari,ctodariox@domainmarket.com,Genderqueer
899,Waylin,Whorlton,wwhorltonoy@wired.com,Non-binary
900,Gertruda,Strudwick,gstrudwickoz@github.com,Male
901,Thekla,Rosso,trossop0@jigsy.com,Genderqueer
902,Rockey,Chevolleau,rchevolleaup1@ebay.com,Bigender
903,Constantina,McSporon,cmcsporonp2@yahoo.com,Agender
904,Arlana,Dolle,adollep3@goo.ne.jp,Genderqueer
905,Edd,Round,eroundp4@twitpic.com,Agender
906,Ernie,Abba,eabbap5@storify.com,Bigender
907,Vin,Foster-Smith,vfostersmithp6@amazon.de,Genderqueer
908,Georg,Keeney,gkeeneyp7@cam.ac.uk,Non-binary
909,Andrea,Scotchmore,ascotchmorep8@soundcloud.com,Genderfluid
910,Burlie,Klamman,bklammanp9@about.me,Female
911,Chelsae,Beaby,cbeabypa@soundcloud.com,Female
912,Georgetta,Gisby,ggisbypb@facebook.com,Genderfluid
913,Tudor,Galletley,tgalletleypc@usatoday.com,Polygender
914,Dorie,Blonfield,dblonfieldpd@com.com,Male
915,Chariot,Gautrey,cgautreype@sogou.com,Non-binary
916,Sib,Cabrara,scabrarapf@washingtonpost.com,Female
917,Jackson,Banishevitz,jbanishevitzpg@miitbeian.gov.cn,Non-binary
918,Modesta,Tisor,mtisorph@opensource.org,Genderfluid
919,Nessi,Piechnik,npiechnikpi@prnewswire.com,Male
920,Wrennie,Thickpenny,wthickpennypj@liveinternet.ru,Male
921,Vicki,Le Pine,vlepinepk@unesco.org,Polygender
922,Lorine,MacKnight,lmacknightpl@google.com.hk,Female
923,Luci,Debling,ldeblingpm@cocolog-nifty.com,Non-binary
924,Cazzie,Petrasso,cpetrassopn@hao123.com,Non-binary
925,Angel,Pauleit,apauleitpo@soundcloud.com,Polygender
926,Chev,Pegram,cpegrampp@google.de,Male
927,Saxe,Jakubovitch,sjakubovitchpq@fema.gov,Genderfluid
928,Idette,Cranke,icrankepr@myspace.com,Non-binary
929,Tiffi,Bollin,tbollinps@addthis.com,Male
930,Ferne,Jirusek,fjirusekpt@springer.com,Bigender
931,Selinda,Cuskery,scuskerypu@cocolog-nifty.com,Bigender
932,Derron,Mawford,dmawfordpv@examiner.com,Genderfluid
933,Courtnay,Garratt,cgarrattpw@ustream.tv,Polygender
934,Tedra,Winspire,twinspirepx@google.com.hk,Genderfluid
935,Fan,Culshew,fculshewpy@ucoz.ru,Polygender
936,Birch,Boake,bboakepz@comcast.net,Bigender
937,Inesita,Fern,ifernq0@lycos.com,Male
938,Sharl,Alcalde,salcaldeq1@i2i.jp,Agender
939,Bailey,Balentyne,bbalentyneq2@wikispaces.com,Female
940,Cilka,McCory,cmccoryq3@zimbio.com,Female
941,Faulkner,Gordon,fgordonq4@yale.edu,Male
942,Rosco,Epdell,repdellq5@amazon.de,Genderqueer
943,Siffre,Pykett,spykettq6@desdev.cn,Female
944,Olivie,Hazley,ohazleyq7@geocities.jp,Bigender
945,Hobie,Gauntlett,hgauntlettq8@dailymail.co.uk,Male
946,Mabelle,Ogus,mogusq9@163.com,Genderfluid
947,Rora,Hoppner,rhoppnerqa@phoca.cz,Polygender
948,Blythe,Garrat,bgarratqb@is.gd,Genderfluid
949,Janella,Fearney,jfearneyqc@alexa.com,Non-binary
950,Reginald,Palfreeman,rpalfreemanqd@stumbleupon.com,Non-binary
951,Goddard,Goomes,ggoomesqe@elpais.com,Bigender
952,Tess,Kyberd,tkyberdqf@mac.com,Agender
953,Wally,Parkman,wparkmanqg@fema.gov,Genderfluid
954,Malia,Caurah,mcaurahqh@feedburner.com,Non-binary
955,Benton,Fairfull,bfairfullqi@mtv.com,Female
956,Quentin,Dobbson,qdobbsonqj@jimdo.com,Bigender
957,Duffy,Yates,dyatesqk@themeforest.net,Genderqueer
958,Daisey,Mowsdill,dmowsdillql@wikipedia.org,Genderqueer
959,Georgeanna,Warr,gwarrqm@instagram.com,Genderqueer
960,Elysee,Scotland,escotlandqn@pcworld.com,Polygender
961,Bert,Chyuerton,bchyuertonqo@blinklist.com,Genderqueer
962,Kattie,Ilbert,kilbertqp@vkontakte.ru,Male
963,Marijo,McClenaghan,mmcclenaghanqq@youtube.com,Polygender
964,Berri,McMorland,bmcmorlandqr@soundcloud.com,Polygender
965,Gal,Lindenbluth,glindenbluthqs@army.mil,Male
966,Juline,Abramski,jabramskiqt@edublogs.org,Genderqueer
967,Eugenio,Batalini,ebataliniqu@twitter.com,Genderqueer
968,Andeee,Gallaher,agallaherqv@unesco.org,Genderqueer
969,Mohandas,Porritt,mporrittqw@mit.edu,Male
970,Marietta,Gilmartin,mgilmartinqx@cloudflare.com,Bigender
971,Lorette,Truder,ltruderqy@springer.com,Male
972,Adham,Haddock,ahaddockqz@bravesites.com,Genderqueer
973,Lisetta,Najara,lnajarar0@g.co,Bigender
974,Eydie,Mulloch,emullochr1@simplemachines.org,Female
975,Loree,Cisec,lcisecr2@thetimes.co.uk,Polygender
976,Joannes,Anwell,janwellr3@mtv.com,Agender
977,Kingsly,Momford,kmomfordr4@dagondesign.com,Bigender
978,Waverley,Skipsey,wskipseyr5@upenn.edu,Genderqueer
979,Derrik,Cockings,dcockingsr6@blogtalkradio.com,Genderqueer
980,Virginie,Georgiev,vgeorgievr7@apache.org,Non-binary
981,Corinne,Coverlyn,ccoverlynr8@livejournal.com,Agender
982,Sheena,Peagrim,speagrimr9@un.org,Genderqueer
983,Correy,Pilmer,cpilmerra@toplist.cz,Genderfluid
984,Ian,Joss,ijossrb@themeforest.net,Non-binary
985,Lindie,Trebble,ltrebblerc@discovery.com,Agender
986,Adolphe,Zoppie,azoppierd@phpbb.com,Female
987,Even,January,ejanuaryre@bloglovin.com,Agender
988,Terrijo,Spragge,tspraggerf@sina.com.cn,Female
989,Sandi,Yurtsev,syurtsevrg@zdnet.com,Bigender
990,Wittie,Gianetti,wgianettirh@salon.com,Female
991,Johny,Gauch,jgauchri@rambler.ru,Genderqueer
992,Klarika,Luke,klukerj@ocn.ne.jp,Polygender
993,Caz,FitzAlan,cfitzalanrk@wordpress.com,Female
994,Freddy,Zanuciolii,fzanucioliirl@addtoany.com,Genderfluid
995,Drew,Alliband,dallibandrm@irs.gov,Male
996,Millicent,Orred,morredrn@bbc.co.uk,Agender
997,Bess,Gallego,bgallegoro@umn.edu,Female
998,Elysia,Rainbow,erainbowrp@cbslocal.com,Polygender
999,Kimberley,Tizzard,ktizzardrq@comsenz.com,Genderfluid
1000,Mellie,Hopfner,mhopfnerrr@ovh.net,Polygender
